{"cameraMode":{"drawMode":0,"name":"Shaded","section":"Shading Mode"},"sceneLighting":true,"audioPlay":false,"sceneViewState":{"showFog":false,"showMaterialUpdate":false,"showSkybox":true,"showFlares":false,"showImageEffects":false,"showParticleSystems":false},"in2DMode":false,"pivot":{"x":44.12224197387695,"y":47.16299819946289,"z":0.5786035060882568},"rotation":{"x":0.06272809207439423,"y":0.7126738429069519,"z":-0.06452205032110214,"w":0.6958710551261902},"size":21.15270233154297,"orthographic":false}