{"cameraMode":{"drawMode":0,"name":"Shaded","section":"Shading Mode"},"sceneLighting":false,"audioPlay":false,"sceneViewState":{"showFog":false,"showMaterialUpdate":false,"showSkybox":false,"showFlares":false,"showImageEffects":false,"showParticleSystems":false},"in2DMode":false,"pivot":{"x":0.011189460754394532,"y":-1.1959843635559083,"z":0.0},"rotation":{"x":-0.004302020650357008,"y":0.9898260831832886,"z":-0.1390838325023651,"w":-0.030587079003453256},"size":8.914423942565918,"orthographic":false}