{"cameraMode":{"drawMode":0,"name":"Shaded","section":"Shading Mode"},"sceneLighting":true,"audioPlay":false,"sceneViewState":{"showFog":false,"showMaterialUpdate":false,"showSkybox":true,"showFlares":false,"showImageEffects":false,"showParticleSystems":false},"in2DMode":false,"pivot":{"x":4.900546073913574,"y":4.055215358734131,"z":24.315258026123048},"rotation":{"x":-0.09014569967985153,"y":-0.3344740867614746,"z":-0.032323651015758517,"w":0.9376574754714966},"size":5.32488489151001,"orthographic":false}